git_blob_sha1	size_bytes	path
15d54747c9ebe49982f8663ee5b3e39b0f6241c3	432078	originals/Short_female_combat__#1-1790999688976.wav
e3d9add2a497bd7ce5f90fc5e5c85bb612a44134	432078	originals/Short_female_combat__#4-1790999692508.wav
a0556313b799b1b72aeaa3d008f2a3cfe9270e09	4654016	originals/Temporal Stutter.mp3
43799613fbd4fb134750d883064a7bf4a3eadc3b	432078	originals/Short_game_menu_navi_#4-1791000546558.wav
d50fb09cff63bec96ab4d5c76f566b944ddd4904	432078	originals/Sinister_demonic_dec_#1-1790999974172.wav
bf6da1eab66d97a3a0c19b47e8ef116bb19694e3	432078	originals/Time_manipulation_aw_#1-1791000657816.wav
f9ace8f35e987ecae7780ea72f8a867476b5eba9	432078	originals/time_tick_tack_sound_#1-1790999531800.wav
c2a4fb2389fbb9cfe81bd5620c2a51d497faaf89	432078	originals/time_tick_tack_sound_#2-1790999537390.wav
9e8d161feea9197d6219af6d1c22b694e9493a32	432078	originals/time_tick_tack_sound_#3-1790999542258.wav
313c5ab73ac480c8e5c709aeb066aeb64f0b4bd0	55341	originals/tree_weapon_attack_s_#2-1790999357019.mp3
74676d136d9147ba8de9e46ce988550271f14be1	432078	originals/ups_sound_#4-1790999480559.wav
98353b57d6dc19c770bdd663f24fbabc5ecd66c8	4884111	originals/歪時計の音.mp3
e18dc3ff17f9a76c3fa90a80abfe4f5f18112744	432078	originals/Resonance_energy_gai_#2-1791000424116.wav
